{
  "project_info": {
    "project_number": "1075050033316",
    "firebase_url": "https://test-55ccb.firebaseio.com",
    "project_id": "test-55ccb",
    "storage_bucket": "test-55ccb.appspot.com"
  },
  "client": [
    {
      "client_info": {
        "mobilesdk_app_id": "1:1075050033316:android:0ba69e39c3d209cca3f631",
        "android_client_info": {
          "package_name": "com.rozdoum.socialcomponents"
        }
      },
      "oauth_client": [
        {
          "client_id": "1075050033316-tsl35dcqf5d7r5tv24qjlkvrh17p06i5.apps.googleusercontent.com",
          "client_type": 3
        }
      ],
      "api_key": [
        {
          "current_key": "AIzaSyAl35GKEIZT60AC2g3d5QBymnM9RK8p9yE"
        }
      ],
      "services": {
        "appinvite_service": {
          "other_platform_oauth_client": [
            {
              "client_id": "1075050033316-tsl35dcqf5d7r5tv24qjlkvrh17p06i5.apps.googleusercontent.com",
              "client_type": 3
            }
          ]
        }
      }
    }
  ],
  "configuration_version": "1"
}